Comunidades y Ciudades Autónomas;General, vivienda nueva y de segunda mano;Periodo;Total
Nacional;General;2024;100
Nacional;General;2023;100
Nacional;General;2022;100
Nacional;General;2021;100
Nacional;General;2020;100
Nacional;General;2019;100
Nacional;General;2018;100
Nacional;General;2017;100
Nacional;General;2016;100
Nacional;General;2015;100
Nacional;General;2014;100
Nacional;General;2013;100
Nacional;General;2012;100
Nacional;General;2011;100
Nacional;General;2010;100
Nacional;General;2009;100
Nacional;General;2008;100
Nacional;Vivienda nueva;2024;14,304
Nacional;Vivienda nueva;2023;15,157
Nacional;Vivienda nueva;2022;17,763
Nacional;Vivienda nueva;2021;17,359
Nacional;Vivienda nueva;2020;13,867
Nacional;Vivienda nueva;2019;12,703
Nacional;Vivienda nueva;2018;12,074
Nacional;Vivienda nueva;2017;12,172
Nacional;Vivienda nueva;2016;13,618
Nacional;Vivienda nueva;2015;14,484
Nacional;Vivienda nueva;2014;16,437
Nacional;Vivienda nueva;2013;28,6
Nacional;Vivienda nueva;2012;40,296
Nacional;Vivienda nueva;2011;49,084
Nacional;Vivienda nueva;2010;54,673
Nacional;Vivienda nueva;2009;54,346
Nacional;Vivienda nueva;2008;46,286
Nacional;Vivienda segunda mano;2024;85,696
Nacional;Vivienda segunda mano;2023;84,843
Nacional;Vivienda segunda mano;2022;82,237
Nacional;Vivienda segunda mano;2021;82,641
Nacional;Vivienda segunda mano;2020;86,133
Nacional;Vivienda segunda mano;2019;87,297
Nacional;Vivienda segunda mano;2018;87,926
Nacional;Vivienda segunda mano;2017;87,828
Nacional;Vivienda segunda mano;2016;86,382
Nacional;Vivienda segunda mano;2015;85,516
Nacional;Vivienda segunda mano;2014;83,563
Nacional;Vivienda segunda mano;2013;71,4
Nacional;Vivienda segunda mano;2012;59,704
Nacional;Vivienda segunda mano;2011;50,916
Nacional;Vivienda segunda mano;2010;45,327
Nacional;Vivienda segunda mano;2009;45,654
Nacional;Vivienda segunda mano;2008;53,714
01 Andalucía;General;2024;100
01 Andalucía;General;2023;100
01 Andalucía;General;2022;100
01 Andalucía;General;2021;100
01 Andalucía;General;2020;100
01 Andalucía;General;2019;100
01 Andalucía;General;2018;100
01 Andalucía;General;2017;100
01 Andalucía;General;2016;100
01 Andalucía;General;2015;100
01 Andalucía;General;2014;100
01 Andalucía;General;2013;100
01 Andalucía;General;2012;100
01 Andalucía;General;2011;100
01 Andalucía;General;2010;100
01 Andalucía;General;2009;100
01 Andalucía;General;2008;100
01 Andalucía;Vivienda nueva;2024;13,603
01 Andalucía;Vivienda nueva;2023;16,24
01 Andalucía;Vivienda nueva;2022;18,996
01 Andalucía;Vivienda nueva;2021;17,165
01 Andalucía;Vivienda nueva;2020;12,365
01 Andalucía;Vivienda nueva;2019;10,131
01 Andalucía;Vivienda nueva;2018;8,753
01 Andalucía;Vivienda nueva;2017;9,54
01 Andalucía;Vivienda nueva;2016;11,834
01 Andalucía;Vivienda nueva;2015;12,375
01 Andalucía;Vivienda nueva;2014;14,116
01 Andalucía;Vivienda nueva;2013;26,181
01 Andalucía;Vivienda nueva;2012;40,511
01 Andalucía;Vivienda nueva;2011;52,481
01 Andalucía;Vivienda nueva;2010;58,213
01 Andalucía;Vivienda nueva;2009;57,367
01 Andalucía;Vivienda nueva;2008;48,865
01 Andalucía;Vivienda segunda mano;2024;86,397
01 Andalucía;Vivienda segunda mano;2023;83,76
01 Andalucía;Vivienda segunda mano;2022;81,004
01 Andalucía;Vivienda segunda mano;2021;82,835
01 Andalucía;Vivienda segunda mano;2020;87,635
01 Andalucía;Vivienda segunda mano;2019;89,869
01 Andalucía;Vivienda segunda mano;2018;91,247
01 Andalucía;Vivienda segunda mano;2017;90,46
01 Andalucía;Vivienda segunda mano;2016;88,166
01 Andalucía;Vivienda segunda mano;2015;87,625
01 Andalucía;Vivienda segunda mano;2014;85,884
01 Andalucía;Vivienda segunda mano;2013;73,819
01 Andalucía;Vivienda segunda mano;2012;59,489
01 Andalucía;Vivienda segunda mano;2011;47,519
01 Andalucía;Vivienda segunda mano;2010;41,787
01 Andalucía;Vivienda segunda mano;2009;42,633
01 Andalucía;Vivienda segunda mano;2008;51,135
02 Aragón;General;2024;100
02 Aragón;General;2023;100
02 Aragón;General;2022;100
02 Aragón;General;2021;100
02 Aragón;General;2020;100
02 Aragón;General;2019;100
02 Aragón;General;2018;100
02 Aragón;General;2017;100
02 Aragón;General;2016;100
02 Aragón;General;2015;100
02 Aragón;General;2014;100
02 Aragón;General;2013;100
02 Aragón;General;2012;100
02 Aragón;General;2011;100
02 Aragón;General;2010;100
02 Aragón;General;2009;100
02 Aragón;General;2008;100
02 Aragón;Vivienda nueva;2024;20,282
02 Aragón;Vivienda nueva;2023;20,038
02 Aragón;Vivienda nueva;2022;23,305
02 Aragón;Vivienda nueva;2021;24,124
02 Aragón;Vivienda nueva;2020;22,159
02 Aragón;Vivienda nueva;2019;21,587
02 Aragón;Vivienda nueva;2018;20,129
02 Aragón;Vivienda nueva;2017;16,623
02 Aragón;Vivienda nueva;2016;18,463
02 Aragón;Vivienda nueva;2015;24,181
02 Aragón;Vivienda nueva;2014;26,188
02 Aragón;Vivienda nueva;2013;38,543
02 Aragón;Vivienda nueva;2012;42,896
02 Aragón;Vivienda nueva;2011;50,322
02 Aragón;Vivienda nueva;2010;57,879
02 Aragón;Vivienda nueva;2009;58,572
02 Aragón;Vivienda nueva;2008;49,632
02 Aragón;Vivienda segunda mano;2024;79,718
02 Aragón;Vivienda segunda mano;2023;79,962
02 Aragón;Vivienda segunda mano;2022;76,695
02 Aragón;Vivienda segunda mano;2021;75,876
02 Aragón;Vivienda segunda mano;2020;77,841
02 Aragón;Vivienda segunda mano;2019;78,413
02 Aragón;Vivienda segunda mano;2018;79,871
02 Aragón;Vivienda segunda mano;2017;83,377
02 Aragón;Vivienda segunda mano;2016;81,537
02 Aragón;Vivienda segunda mano;2015;75,819
02 Aragón;Vivienda segunda mano;2014;73,812
02 Aragón;Vivienda segunda mano;2013;61,457
02 Aragón;Vivienda segunda mano;2012;57,104
02 Aragón;Vivienda segunda mano;2011;49,678
02 Aragón;Vivienda segunda mano;2010;42,121
02 Aragón;Vivienda segunda mano;2009;41,428
02 Aragón;Vivienda segunda mano;2008;50,368
03 Asturias, Principado de;General;2024;100
03 Asturias, Principado de;General;2023;100
03 Asturias, Principado de;General;2022;100
03 Asturias, Principado de;General;2021;100
03 Asturias, Principado de;General;2020;100
03 Asturias, Principado de;General;2019;100
03 Asturias, Principado de;General;2018;100
03 Asturias, Principado de;General;2017;100
03 Asturias, Principado de;General;2016;100
03 Asturias, Principado de;General;2015;100
03 Asturias, Principado de;General;2014;100
03 Asturias, Principado de;General;2013;100
03 Asturias, Principado de;General;2012;100
03 Asturias, Principado de;General;2011;100
03 Asturias, Principado de;General;2010;100
03 Asturias, Principado de;General;2009;100
03 Asturias, Principado de;General;2008;100
03 Asturias, Principado de;Vivienda nueva;2024;13,96
03 Asturias, Principado de;Vivienda nueva;2023;12,305
03 Asturias, Principado de;Vivienda nueva;2022;15,925
03 Asturias, Principado de;Vivienda nueva;2021;15,073
03 Asturias, Principado de;Vivienda nueva;2020;11,819
03 Asturias, Principado de;Vivienda nueva;2019;13,431
03 Asturias, Principado de;Vivienda nueva;2018;12,264
03 Asturias, Principado de;Vivienda nueva;2017;11,56
03 Asturias, Principado de;Vivienda nueva;2016;16,247
03 Asturias, Principado de;Vivienda nueva;2015;19,642
03 Asturias, Principado de;Vivienda nueva;2014;26,089
03 Asturias, Principado de;Vivienda nueva;2013;45,009
03 Asturias, Principado de;Vivienda nueva;2012;57,593
03 Asturias, Principado de;Vivienda nueva;2011;64,66
03 Asturias, Principado de;Vivienda nueva;2010;67,217
03 Asturias, Principado de;Vivienda nueva;2009;62,158
03 Asturias, Principado de;Vivienda nueva;2008;53,908
03 Asturias, Principado de;Vivienda segunda mano;2024;86,04
03 Asturias, Principado de;Vivienda segunda mano;2023;87,695
03 Asturias, Principado de;Vivienda segunda mano;2022;84,075
03 Asturias, Principado de;Vivienda segunda mano;2021;84,927
03 Asturias, Principado de;Vivienda segunda mano;2020;88,181
03 Asturias, Principado de;Vivienda segunda mano;2019;86,569
03 Asturias, Principado de;Vivienda segunda mano;2018;87,736
03 Asturias, Principado de;Vivienda segunda mano;2017;88,44
03 Asturias, Principado de;Vivienda segunda mano;2016;83,753
03 Asturias, Principado de;Vivienda segunda mano;2015;80,358
03 Asturias, Principado de;Vivienda segunda mano;2014;73,911
03 Asturias, Principado de;Vivienda segunda mano;2013;54,991
03 Asturias, Principado de;Vivienda segunda mano;2012;42,407
03 Asturias, Principado de;Vivienda segunda mano;2011;35,34
03 Asturias, Principado de;Vivienda segunda mano;2010;32,783
03 Asturias, Principado de;Vivienda segunda mano;2009;37,842
03 Asturias, Principado de;Vivienda segunda mano;2008;46,092
04 Balears, Illes;General;2024;100
04 Balears, Illes;General;2023;100
04 Balears, Illes;General;2022;100
04 Balears, Illes;General;2021;100
04 Balears, Illes;General;2020;100
04 Balears, Illes;General;2019;100
04 Balears, Illes;General;2018;100
04 Balears, Illes;General;2017;100
04 Balears, Illes;General;2016;100
04 Balears, Illes;General;2015;100
04 Balears, Illes;General;2014;100
04 Balears, Illes;General;2013;100
04 Balears, Illes;General;2012;100
04 Balears, Illes;General;2011;100
04 Balears, Illes;General;2010;100
04 Balears, Illes;General;2009;100
04 Balears, Illes;General;2008;100
04 Balears, Illes;Vivienda nueva;2024;13,493
04 Balears, Illes;Vivienda nueva;2023;12,147
04 Balears, Illes;Vivienda nueva;2022;11,575
04 Balears, Illes;Vivienda nueva;2021;10,753
04 Balears, Illes;Vivienda nueva;2020;7,541
04 Balears, Illes;Vivienda nueva;2019;7,045
04 Balears, Illes;Vivienda nueva;2018;7,448
04 Balears, Illes;Vivienda nueva;2017;9,527
04 Balears, Illes;Vivienda nueva;2016;11,217
04 Balears, Illes;Vivienda nueva;2015;10,799
04 Balears, Illes;Vivienda nueva;2014;15,46
04 Balears, Illes;Vivienda nueva;2013;25,093
04 Balears, Illes;Vivienda nueva;2012;33,809
04 Balears, Illes;Vivienda nueva;2011;40,361
04 Balears, Illes;Vivienda nueva;2010;40,82
04 Balears, Illes;Vivienda nueva;2009;40,753
04 Balears, Illes;Vivienda nueva;2008;35,76
04 Balears, Illes;Vivienda segunda mano;2024;86,507
04 Balears, Illes;Vivienda segunda mano;2023;87,853
04 Balears, Illes;Vivienda segunda mano;2022;88,425
04 Balears, Illes;Vivienda segunda mano;2021;89,247
04 Balears, Illes;Vivienda segunda mano;2020;92,459
04 Balears, Illes;Vivienda segunda mano;2019;92,955
04 Balears, Illes;Vivienda segunda mano;2018;92,552
04 Balears, Illes;Vivienda segunda mano;2017;90,473
04 Balears, Illes;Vivienda segunda mano;2016;88,783
04 Balears, Illes;Vivienda segunda mano;2015;89,201
04 Balears, Illes;Vivienda segunda mano;2014;84,54
04 Balears, Illes;Vivienda segunda mano;2013;74,907
04 Balears, Illes;Vivienda segunda mano;2012;66,191
04 Balears, Illes;Vivienda segunda mano;2011;59,639
04 Balears, Illes;Vivienda segunda mano;2010;59,18
04 Balears, Illes;Vivienda segunda mano;2009;59,247
04 Balears, Illes;Vivienda segunda mano;2008;64,24
05 Canarias;General;2024;100
05 Canarias;General;2023;100
05 Canarias;General;2022;100
05 Canarias;General;2021;100
05 Canarias;General;2020;100
05 Canarias;General;2019;100
05 Canarias;General;2018;100
05 Canarias;General;2017;100
05 Canarias;General;2016;100
05 Canarias;General;2015;100
05 Canarias;General;2014;100
05 Canarias;General;2013;100
05 Canarias;General;2012;100
05 Canarias;General;2011;100
05 Canarias;General;2010;100
05 Canarias;General;2009;100
05 Canarias;General;2008;100
05 Canarias;Vivienda nueva;2024;8,083
05 Canarias;Vivienda nueva;2023;8,179
05 Canarias;Vivienda nueva;2022;7,985
05 Canarias;Vivienda nueva;2021;8,29
05 Canarias;Vivienda nueva;2020;7,178
05 Canarias;Vivienda nueva;2019;7,951
05 Canarias;Vivienda nueva;2018;7,644
05 Canarias;Vivienda nueva;2017;8,187
05 Canarias;Vivienda nueva;2016;10,792
05 Canarias;Vivienda nueva;2015;12,021
05 Canarias;Vivienda nueva;2014;13,604
05 Canarias;Vivienda nueva;2013;20,725
05 Canarias;Vivienda nueva;2012;34,264
05 Canarias;Vivienda nueva;2011;46,304
05 Canarias;Vivienda nueva;2010;49,63
05 Canarias;Vivienda nueva;2009;51,72
05 Canarias;Vivienda nueva;2008;49,652
05 Canarias;Vivienda segunda mano;2024;91,917
05 Canarias;Vivienda segunda mano;2023;91,821
05 Canarias;Vivienda segunda mano;2022;92,015
05 Canarias;Vivienda segunda mano;2021;91,71
05 Canarias;Vivienda segunda mano;2020;92,822
05 Canarias;Vivienda segunda mano;2019;92,049
05 Canarias;Vivienda segunda mano;2018;92,356
05 Canarias;Vivienda segunda mano;2017;91,813
05 Canarias;Vivienda segunda mano;2016;89,208
05 Canarias;Vivienda segunda mano;2015;87,979
05 Canarias;Vivienda segunda mano;2014;86,396
05 Canarias;Vivienda segunda mano;2013;79,275
05 Canarias;Vivienda segunda mano;2012;65,736
05 Canarias;Vivienda segunda mano;2011;53,696
05 Canarias;Vivienda segunda mano;2010;50,37
05 Canarias;Vivienda segunda mano;2009;48,28
05 Canarias;Vivienda segunda mano;2008;50,348
06 Cantabria;General;2024;100
06 Cantabria;General;2023;100
06 Cantabria;General;2022;100
06 Cantabria;General;2021;100
06 Cantabria;General;2020;100
06 Cantabria;General;2019;100
06 Cantabria;General;2018;100
06 Cantabria;General;2017;100
06 Cantabria;General;2016;100
06 Cantabria;General;2015;100
06 Cantabria;General;2014;100
06 Cantabria;General;2013;100
06 Cantabria;General;2012;100
06 Cantabria;General;2011;100
06 Cantabria;General;2010;100
06 Cantabria;General;2009;100
06 Cantabria;General;2008;100
06 Cantabria;Vivienda nueva;2024;13,67
06 Cantabria;Vivienda nueva;2023;13,606
06 Cantabria;Vivienda nueva;2022;12,162
06 Cantabria;Vivienda nueva;2021;14,779
06 Cantabria;Vivienda nueva;2020;12,825
06 Cantabria;Vivienda nueva;2019;13,188
06 Cantabria;Vivienda nueva;2018;13,935
06 Cantabria;Vivienda nueva;2017;15,404
06 Cantabria;Vivienda nueva;2016;19,317
06 Cantabria;Vivienda nueva;2015;20,602
06 Cantabria;Vivienda nueva;2014;24,238
06 Cantabria;Vivienda nueva;2013;41,473
06 Cantabria;Vivienda nueva;2012;57,113
06 Cantabria;Vivienda nueva;2011;65,903
06 Cantabria;Vivienda nueva;2010;70,69
06 Cantabria;Vivienda nueva;2009;66,587
06 Cantabria;Vivienda nueva;2008;54,933
06 Cantabria;Vivienda segunda mano;2024;86,33
06 Cantabria;Vivienda segunda mano;2023;86,394
06 Cantabria;Vivienda segunda mano;2022;87,838
06 Cantabria;Vivienda segunda mano;2021;85,221
06 Cantabria;Vivienda segunda mano;2020;87,175
06 Cantabria;Vivienda segunda mano;2019;86,812
06 Cantabria;Vivienda segunda mano;2018;86,065
06 Cantabria;Vivienda segunda mano;2017;84,596
06 Cantabria;Vivienda segunda mano;2016;80,683
06 Cantabria;Vivienda segunda mano;2015;79,398
06 Cantabria;Vivienda segunda mano;2014;75,762
06 Cantabria;Vivienda segunda mano;2013;58,527
06 Cantabria;Vivienda segunda mano;2012;42,887
06 Cantabria;Vivienda segunda mano;2011;34,097
06 Cantabria;Vivienda segunda mano;2010;29,31
06 Cantabria;Vivienda segunda mano;2009;33,413
06 Cantabria;Vivienda segunda mano;2008;45,067
07 Castilla y León;General;2024;100
07 Castilla y León;General;2023;100
07 Castilla y León;General;2022;100
07 Castilla y León;General;2021;100
07 Castilla y León;General;2020;100
07 Castilla y León;General;2019;100
07 Castilla y León;General;2018;100
07 Castilla y León;General;2017;100
07 Castilla y León;General;2016;100
07 Castilla y León;General;2015;100
07 Castilla y León;General;2014;100
07 Castilla y León;General;2013;100
07 Castilla y León;General;2012;100
07 Castilla y León;General;2011;100
07 Castilla y León;General;2010;100
07 Castilla y León;General;2009;100
07 Castilla y León;General;2008;100
07 Castilla y León;Vivienda nueva;2024;18,359
07 Castilla y León;Vivienda nueva;2023;16,806
07 Castilla y León;Vivienda nueva;2022;15,856
07 Castilla y León;Vivienda nueva;2021;14,611
07 Castilla y León;Vivienda nueva;2020;12,243
07 Castilla y León;Vivienda nueva;2019;11,331
07 Castilla y León;Vivienda nueva;2018;11,176
07 Castilla y León;Vivienda nueva;2017;11,988
07 Castilla y León;Vivienda nueva;2016;15,946
07 Castilla y León;Vivienda nueva;2015;17,825
07 Castilla y León;Vivienda nueva;2014;18,407
07 Castilla y León;Vivienda nueva;2013;37,744
07 Castilla y León;Vivienda nueva;2012;50,979
07 Castilla y León;Vivienda nueva;2011;60,943
07 Castilla y León;Vivienda nueva;2010;67,419
07 Castilla y León;Vivienda nueva;2009;68,142
07 Castilla y León;Vivienda nueva;2008;60,332
07 Castilla y León;Vivienda segunda mano;2024;81,641
07 Castilla y León;Vivienda segunda mano;2023;83,194
07 Castilla y León;Vivienda segunda mano;2022;84,144
07 Castilla y León;Vivienda segunda mano;2021;85,389
07 Castilla y León;Vivienda segunda mano;2020;87,757
07 Castilla y León;Vivienda segunda mano;2019;88,669
07 Castilla y León;Vivienda segunda mano;2018;88,824
07 Castilla y León;Vivienda segunda mano;2017;88,012
07 Castilla y León;Vivienda segunda mano;2016;84,054
07 Castilla y León;Vivienda segunda mano;2015;82,175
07 Castilla y León;Vivienda segunda mano;2014;81,593
07 Castilla y León;Vivienda segunda mano;2013;62,256
07 Castilla y León;Vivienda segunda mano;2012;49,021
07 Castilla y León;Vivienda segunda mano;2011;39,057
07 Castilla y León;Vivienda segunda mano;2010;32,581
07 Castilla y León;Vivienda segunda mano;2009;31,858
07 Castilla y León;Vivienda segunda mano;2008;39,668
08 Castilla - La Mancha;General;2024;100
08 Castilla - La Mancha;General;2023;100
08 Castilla - La Mancha;General;2022;100
08 Castilla - La Mancha;General;2021;100
08 Castilla - La Mancha;General;2020;100
08 Castilla - La Mancha;General;2019;100
08 Castilla - La Mancha;General;2018;100
08 Castilla - La Mancha;General;2017;100
08 Castilla - La Mancha;General;2016;100
08 Castilla - La Mancha;General;2015;100
08 Castilla - La Mancha;General;2014;100
08 Castilla - La Mancha;General;2013;100
08 Castilla - La Mancha;General;2012;100
08 Castilla - La Mancha;General;2011;100
08 Castilla - La Mancha;General;2010;100
08 Castilla - La Mancha;General;2009;100
08 Castilla - La Mancha;General;2008;100
08 Castilla - La Mancha;Vivienda nueva;2024;15,416
08 Castilla - La Mancha;Vivienda nueva;2023;13,451
08 Castilla - La Mancha;Vivienda nueva;2022;16,465
08 Castilla - La Mancha;Vivienda nueva;2021;15,912
08 Castilla - La Mancha;Vivienda nueva;2020;15,59
08 Castilla - La Mancha;Vivienda nueva;2019;15,396
08 Castilla - La Mancha;Vivienda nueva;2018;14,879
08 Castilla - La Mancha;Vivienda nueva;2017;16,453
08 Castilla - La Mancha;Vivienda nueva;2016;20,092
08 Castilla - La Mancha;Vivienda nueva;2015;20,827
08 Castilla - La Mancha;Vivienda nueva;2014;20,354
08 Castilla - La Mancha;Vivienda nueva;2013;43,256
08 Castilla - La Mancha;Vivienda nueva;2012;62,612
08 Castilla - La Mancha;Vivienda nueva;2011;71,704
08 Castilla - La Mancha;Vivienda nueva;2010;75,576
08 Castilla - La Mancha;Vivienda nueva;2009;73,64
08 Castilla - La Mancha;Vivienda nueva;2008;66,093
08 Castilla - La Mancha;Vivienda segunda mano;2024;84,584
08 Castilla - La Mancha;Vivienda segunda mano;2023;86,549
08 Castilla - La Mancha;Vivienda segunda mano;2022;83,535
08 Castilla - La Mancha;Vivienda segunda mano;2021;84,088
08 Castilla - La Mancha;Vivienda segunda mano;2020;84,41
08 Castilla - La Mancha;Vivienda segunda mano;2019;84,604
08 Castilla - La Mancha;Vivienda segunda mano;2018;85,121
08 Castilla - La Mancha;Vivienda segunda mano;2017;83,547
08 Castilla - La Mancha;Vivienda segunda mano;2016;79,908
08 Castilla - La Mancha;Vivienda segunda mano;2015;79,173
08 Castilla - La Mancha;Vivienda segunda mano;2014;79,646
08 Castilla - La Mancha;Vivienda segunda mano;2013;56,744
08 Castilla - La Mancha;Vivienda segunda mano;2012;37,388
08 Castilla - La Mancha;Vivienda segunda mano;2011;28,296
08 Castilla - La Mancha;Vivienda segunda mano;2010;24,424
08 Castilla - La Mancha;Vivienda segunda mano;2009;26,36
08 Castilla - La Mancha;Vivienda segunda mano;2008;33,907
09 Cataluña;General;2024;100
09 Cataluña;General;2023;100
09 Cataluña;General;2022;100
09 Cataluña;General;2021;100
09 Cataluña;General;2020;100
09 Cataluña;General;2019;100
09 Cataluña;General;2018;100
09 Cataluña;General;2017;100
09 Cataluña;General;2016;100
09 Cataluña;General;2015;100
09 Cataluña;General;2014;100
09 Cataluña;General;2013;100
09 Cataluña;General;2012;100
09 Cataluña;General;2011;100
09 Cataluña;General;2010;100
09 Cataluña;General;2009;100
09 Cataluña;General;2008;100
09 Cataluña;Vivienda nueva;2024;10,032
09 Cataluña;Vivienda nueva;2023;10,124
09 Cataluña;Vivienda nueva;2022;11,922
09 Cataluña;Vivienda nueva;2021;12,282
09 Cataluña;Vivienda nueva;2020;9,767
09 Cataluña;Vivienda nueva;2019;8,711
09 Cataluña;Vivienda nueva;2018;7,651
09 Cataluña;Vivienda nueva;2017;8,065
09 Cataluña;Vivienda nueva;2016;9,084
09 Cataluña;Vivienda nueva;2015;9,461
09 Cataluña;Vivienda nueva;2014;10,112
09 Cataluña;Vivienda nueva;2013;18,79
09 Cataluña;Vivienda nueva;2012;26,81
09 Cataluña;Vivienda nueva;2011;31,85
09 Cataluña;Vivienda nueva;2010;36,85
09 Cataluña;Vivienda nueva;2009;38,785
09 Cataluña;Vivienda nueva;2008;33,237
09 Cataluña;Vivienda segunda mano;2024;89,968
09 Cataluña;Vivienda segunda mano;2023;89,876
09 Cataluña;Vivienda segunda mano;2022;88,078
09 Cataluña;Vivienda segunda mano;2021;87,718
09 Cataluña;Vivienda segunda mano;2020;90,233
09 Cataluña;Vivienda segunda mano;2019;91,289
09 Cataluña;Vivienda segunda mano;2018;92,349
09 Cataluña;Vivienda segunda mano;2017;91,935
09 Cataluña;Vivienda segunda mano;2016;90,916
09 Cataluña;Vivienda segunda mano;2015;90,539
09 Cataluña;Vivienda segunda mano;2014;89,888
09 Cataluña;Vivienda segunda mano;2013;81,21
09 Cataluña;Vivienda segunda mano;2012;73,19
09 Cataluña;Vivienda segunda mano;2011;68,15
09 Cataluña;Vivienda segunda mano;2010;63,15
09 Cataluña;Vivienda segunda mano;2009;61,215
09 Cataluña;Vivienda segunda mano;2008;66,763
10 Comunitat Valenciana;General;2024;100
10 Comunitat Valenciana;General;2023;100
10 Comunitat Valenciana;General;2022;100
10 Comunitat Valenciana;General;2021;100
10 Comunitat Valenciana;General;2020;100
10 Comunitat Valenciana;General;2019;100
10 Comunitat Valenciana;General;2018;100
10 Comunitat Valenciana;General;2017;100
10 Comunitat Valenciana;General;2016;100
10 Comunitat Valenciana;General;2015;100
10 Comunitat Valenciana;General;2014;100
10 Comunitat Valenciana;General;2013;100
10 Comunitat Valenciana;General;2012;100
10 Comunitat Valenciana;General;2011;100
10 Comunitat Valenciana;General;2010;100
10 Comunitat Valenciana;General;2009;100
10 Comunitat Valenciana;General;2008;100
10 Comunitat Valenciana;Vivienda nueva;2024;14,956
10 Comunitat Valenciana;Vivienda nueva;2023;15,299
10 Comunitat Valenciana;Vivienda nueva;2022;18,467
10 Comunitat Valenciana;Vivienda nueva;2021;17,465
10 Comunitat Valenciana;Vivienda nueva;2020;14,654
10 Comunitat Valenciana;Vivienda nueva;2019;13,933
10 Comunitat Valenciana;Vivienda nueva;2018;13,617
10 Comunitat Valenciana;Vivienda nueva;2017;12,243
10 Comunitat Valenciana;Vivienda nueva;2016;12,688
10 Comunitat Valenciana;Vivienda nueva;2015;13,046
10 Comunitat Valenciana;Vivienda nueva;2014;13,222
10 Comunitat Valenciana;Vivienda nueva;2013;23,441
10 Comunitat Valenciana;Vivienda nueva;2012;38,405
10 Comunitat Valenciana;Vivienda nueva;2011;51,837
10 Comunitat Valenciana;Vivienda nueva;2010;58,276
10 Comunitat Valenciana;Vivienda nueva;2009;59,696
10 Comunitat Valenciana;Vivienda nueva;2008;51,635
10 Comunitat Valenciana;Vivienda segunda mano;2024;85,044
10 Comunitat Valenciana;Vivienda segunda mano;2023;84,701
10 Comunitat Valenciana;Vivienda segunda mano;2022;81,533
10 Comunitat Valenciana;Vivienda segunda mano;2021;82,535
10 Comunitat Valenciana;Vivienda segunda mano;2020;85,346
10 Comunitat Valenciana;Vivienda segunda mano;2019;86,067
10 Comunitat Valenciana;Vivienda segunda mano;2018;86,383
10 Comunitat Valenciana;Vivienda segunda mano;2017;87,757
10 Comunitat Valenciana;Vivienda segunda mano;2016;87,312
10 Comunitat Valenciana;Vivienda segunda mano;2015;86,954
10 Comunitat Valenciana;Vivienda segunda mano;2014;86,778
10 Comunitat Valenciana;Vivienda segunda mano;2013;76,559
10 Comunitat Valenciana;Vivienda segunda mano;2012;61,595
10 Comunitat Valenciana;Vivienda segunda mano;2011;48,163
10 Comunitat Valenciana;Vivienda segunda mano;2010;41,724
10 Comunitat Valenciana;Vivienda segunda mano;2009;40,304
10 Comunitat Valenciana;Vivienda segunda mano;2008;48,365
11 Extremadura;General;2024;100
11 Extremadura;General;2023;100
11 Extremadura;General;2022;100
11 Extremadura;General;2021;100
11 Extremadura;General;2020;100
11 Extremadura;General;2019;100
11 Extremadura;General;2018;100
11 Extremadura;General;2017;100
11 Extremadura;General;2016;100
11 Extremadura;General;2015;100
11 Extremadura;General;2014;100
11 Extremadura;General;2013;100
11 Extremadura;General;2012;100
11 Extremadura;General;2011;100
11 Extremadura;General;2010;100
11 Extremadura;General;2009;100
11 Extremadura;General;2008;100
11 Extremadura;Vivienda nueva;2024;6,764
11 Extremadura;Vivienda nueva;2023;6,2
11 Extremadura;Vivienda nueva;2022;5,654
11 Extremadura;Vivienda nueva;2021;6,8
11 Extremadura;Vivienda nueva;2020;7,982
11 Extremadura;Vivienda nueva;2019;5,809
11 Extremadura;Vivienda nueva;2018;4,7
11 Extremadura;Vivienda nueva;2017;7,635
11 Extremadura;Vivienda nueva;2016;12,639
11 Extremadura;Vivienda nueva;2015;15,104
11 Extremadura;Vivienda nueva;2014;23,487
11 Extremadura;Vivienda nueva;2013;33,073
11 Extremadura;Vivienda nueva;2012;51,075
11 Extremadura;Vivienda nueva;2011;59,161
11 Extremadura;Vivienda nueva;2010;62,011
11 Extremadura;Vivienda nueva;2009;58,174
11 Extremadura;Vivienda nueva;2008;47,977
11 Extremadura;Vivienda segunda mano;2024;93,236
11 Extremadura;Vivienda segunda mano;2023;93,8
11 Extremadura;Vivienda segunda mano;2022;94,346
11 Extremadura;Vivienda segunda mano;2021;93,2
11 Extremadura;Vivienda segunda mano;2020;92,018
11 Extremadura;Vivienda segunda mano;2019;94,191
11 Extremadura;Vivienda segunda mano;2018;95,3
11 Extremadura;Vivienda segunda mano;2017;92,365
11 Extremadura;Vivienda segunda mano;2016;87,361
11 Extremadura;Vivienda segunda mano;2015;84,896
11 Extremadura;Vivienda segunda mano;2014;76,513
11 Extremadura;Vivienda segunda mano;2013;66,927
11 Extremadura;Vivienda segunda mano;2012;48,925
11 Extremadura;Vivienda segunda mano;2011;40,839
11 Extremadura;Vivienda segunda mano;2010;37,989
11 Extremadura;Vivienda segunda mano;2009;41,826
11 Extremadura;Vivienda segunda mano;2008;52,023
12 Galicia;General;2024;100
12 Galicia;General;2023;100
12 Galicia;General;2022;100
12 Galicia;General;2021;100
12 Galicia;General;2020;100
12 Galicia;General;2019;100
12 Galicia;General;2018;100
12 Galicia;General;2017;100
12 Galicia;General;2016;100
12 Galicia;General;2015;100
12 Galicia;General;2014;100
12 Galicia;General;2013;100
12 Galicia;General;2012;100
12 Galicia;General;2011;100
12 Galicia;General;2010;100
12 Galicia;General;2009;100
12 Galicia;General;2008;100
12 Galicia;Vivienda nueva;2024;12,09
12 Galicia;Vivienda nueva;2023;13,745
12 Galicia;Vivienda nueva;2022;15,343
12 Galicia;Vivienda nueva;2021;12,49
12 Galicia;Vivienda nueva;2020;11,193
12 Galicia;Vivienda nueva;2019;13,082
12 Galicia;Vivienda nueva;2018;14,528
12 Galicia;Vivienda nueva;2017;16,926
12 Galicia;Vivienda nueva;2016;21,843
12 Galicia;Vivienda nueva;2015;24,257
12 Galicia;Vivienda nueva;2014;30,83
12 Galicia;Vivienda nueva;2013;48,716
12 Galicia;Vivienda nueva;2012;61,216
12 Galicia;Vivienda nueva;2011;66,583
12 Galicia;Vivienda nueva;2010;69,623
12 Galicia;Vivienda nueva;2009;67,836
12 Galicia;Vivienda nueva;2008;61,505
12 Galicia;Vivienda segunda mano;2024;87,91
12 Galicia;Vivienda segunda mano;2023;86,255
12 Galicia;Vivienda segunda mano;2022;84,657
12 Galicia;Vivienda segunda mano;2021;87,51
12 Galicia;Vivienda segunda mano;2020;88,807
12 Galicia;Vivienda segunda mano;2019;86,918
12 Galicia;Vivienda segunda mano;2018;85,472
12 Galicia;Vivienda segunda mano;2017;83,074
12 Galicia;Vivienda segunda mano;2016;78,157
12 Galicia;Vivienda segunda mano;2015;75,743
12 Galicia;Vivienda segunda mano;2014;69,17
12 Galicia;Vivienda segunda mano;2013;51,284
12 Galicia;Vivienda segunda mano;2012;38,784
12 Galicia;Vivienda segunda mano;2011;33,417
12 Galicia;Vivienda segunda mano;2010;30,377
12 Galicia;Vivienda segunda mano;2009;32,164
12 Galicia;Vivienda segunda mano;2008;38,495
13 Madrid, Comunidad de;General;2024;100
13 Madrid, Comunidad de;General;2023;100
13 Madrid, Comunidad de;General;2022;100
13 Madrid, Comunidad de;General;2021;100
13 Madrid, Comunidad de;General;2020;100
13 Madrid, Comunidad de;General;2019;100
13 Madrid, Comunidad de;General;2018;100
13 Madrid, Comunidad de;General;2017;100
13 Madrid, Comunidad de;General;2016;100
13 Madrid, Comunidad de;General;2015;100
13 Madrid, Comunidad de;General;2014;100
13 Madrid, Comunidad de;General;2013;100
13 Madrid, Comunidad de;General;2012;100
13 Madrid, Comunidad de;General;2011;100
13 Madrid, Comunidad de;General;2010;100
13 Madrid, Comunidad de;General;2009;100
13 Madrid, Comunidad de;General;2008;100
13 Madrid, Comunidad de;Vivienda nueva;2024;17,628
13 Madrid, Comunidad de;Vivienda nueva;2023;20,116
13 Madrid, Comunidad de;Vivienda nueva;2022;24,374
13 Madrid, Comunidad de;Vivienda nueva;2021;23,843
13 Madrid, Comunidad de;Vivienda nueva;2020;18,229
13 Madrid, Comunidad de;Vivienda nueva;2019;16,56
13 Madrid, Comunidad de;Vivienda nueva;2018;16,063
13 Madrid, Comunidad de;Vivienda nueva;2017;15,501
13 Madrid, Comunidad de;Vivienda nueva;2016;14,486
13 Madrid, Comunidad de;Vivienda nueva;2015;13,737
13 Madrid, Comunidad de;Vivienda nueva;2014;16,648
13 Madrid, Comunidad de;Vivienda nueva;2013;24,843
13 Madrid, Comunidad de;Vivienda nueva;2012;31,942
13 Madrid, Comunidad de;Vivienda nueva;2011;36,695
13 Madrid, Comunidad de;Vivienda nueva;2010;41,984
13 Madrid, Comunidad de;Vivienda nueva;2009;47,38
13 Madrid, Comunidad de;Vivienda nueva;2008;42,985
13 Madrid, Comunidad de;Vivienda segunda mano;2024;82,372
13 Madrid, Comunidad de;Vivienda segunda mano;2023;79,884
13 Madrid, Comunidad de;Vivienda segunda mano;2022;75,626
13 Madrid, Comunidad de;Vivienda segunda mano;2021;76,157
13 Madrid, Comunidad de;Vivienda segunda mano;2020;81,771
13 Madrid, Comunidad de;Vivienda segunda mano;2019;83,44
13 Madrid, Comunidad de;Vivienda segunda mano;2018;83,937
13 Madrid, Comunidad de;Vivienda segunda mano;2017;84,499
13 Madrid, Comunidad de;Vivienda segunda mano;2016;85,514
13 Madrid, Comunidad de;Vivienda segunda mano;2015;86,263
13 Madrid, Comunidad de;Vivienda segunda mano;2014;83,352
13 Madrid, Comunidad de;Vivienda segunda mano;2013;75,157
13 Madrid, Comunidad de;Vivienda segunda mano;2012;68,058
13 Madrid, Comunidad de;Vivienda segunda mano;2011;63,305
13 Madrid, Comunidad de;Vivienda segunda mano;2010;58,016
13 Madrid, Comunidad de;Vivienda segunda mano;2009;52,62
13 Madrid, Comunidad de;Vivienda segunda mano;2008;57,015
14 Murcia, Región de;General;2024;100
14 Murcia, Región de;General;2023;100
14 Murcia, Región de;General;2022;100
14 Murcia, Región de;General;2021;100
14 Murcia, Región de;General;2020;100
14 Murcia, Región de;General;2019;100
14 Murcia, Región de;General;2018;100
14 Murcia, Región de;General;2017;100
14 Murcia, Región de;General;2016;100
14 Murcia, Región de;General;2015;100
14 Murcia, Región de;General;2014;100
14 Murcia, Región de;General;2013;100
14 Murcia, Región de;General;2012;100
14 Murcia, Región de;General;2011;100
14 Murcia, Región de;General;2010;100
14 Murcia, Región de;General;2009;100
14 Murcia, Región de;General;2008;100
14 Murcia, Región de;Vivienda nueva;2024;12,305
14 Murcia, Región de;Vivienda nueva;2023;11,085
14 Murcia, Región de;Vivienda nueva;2022;12,247
14 Murcia, Región de;Vivienda nueva;2021;12,548
14 Murcia, Región de;Vivienda nueva;2020;11,9
14 Murcia, Región de;Vivienda nueva;2019;11,696
14 Murcia, Región de;Vivienda nueva;2018;13,346
14 Murcia, Región de;Vivienda nueva;2017;13,102
14 Murcia, Región de;Vivienda nueva;2016;14,64
14 Murcia, Región de;Vivienda nueva;2015;16,05
14 Murcia, Región de;Vivienda nueva;2014;19,382
14 Murcia, Región de;Vivienda nueva;2013;35,379
14 Murcia, Región de;Vivienda nueva;2012;58,197
14 Murcia, Región de;Vivienda nueva;2011;69,938
14 Murcia, Región de;Vivienda nueva;2010;74,177
14 Murcia, Región de;Vivienda nueva;2009;69,777
14 Murcia, Región de;Vivienda nueva;2008;56,639
14 Murcia, Región de;Vivienda segunda mano;2024;87,695
14 Murcia, Región de;Vivienda segunda mano;2023;88,915
14 Murcia, Región de;Vivienda segunda mano;2022;87,753
14 Murcia, Región de;Vivienda segunda mano;2021;87,452
14 Murcia, Región de;Vivienda segunda mano;2020;88,1
14 Murcia, Región de;Vivienda segunda mano;2019;88,304
14 Murcia, Región de;Vivienda segunda mano;2018;86,654
14 Murcia, Región de;Vivienda segunda mano;2017;86,898
14 Murcia, Región de;Vivienda segunda mano;2016;85,36
14 Murcia, Región de;Vivienda segunda mano;2015;83,95
14 Murcia, Región de;Vivienda segunda mano;2014;80,618
14 Murcia, Región de;Vivienda segunda mano;2013;64,621
14 Murcia, Región de;Vivienda segunda mano;2012;41,803
14 Murcia, Región de;Vivienda segunda mano;2011;30,062
14 Murcia, Región de;Vivienda segunda mano;2010;25,823
14 Murcia, Región de;Vivienda segunda mano;2009;30,223
14 Murcia, Región de;Vivienda segunda mano;2008;43,361
15 Navarra, Comunidad Foral de;General;2024;100
15 Navarra, Comunidad Foral de;General;2023;100
15 Navarra, Comunidad Foral de;General;2022;100
15 Navarra, Comunidad Foral de;General;2021;100
15 Navarra, Comunidad Foral de;General;2020;100
15 Navarra, Comunidad Foral de;General;2019;100
15 Navarra, Comunidad Foral de;General;2018;100
15 Navarra, Comunidad Foral de;General;2017;100
15 Navarra, Comunidad Foral de;General;2016;100
15 Navarra, Comunidad Foral de;General;2015;100
15 Navarra, Comunidad Foral de;General;2014;100
15 Navarra, Comunidad Foral de;General;2013;100
15 Navarra, Comunidad Foral de;General;2012;100
15 Navarra, Comunidad Foral de;General;2011;100
15 Navarra, Comunidad Foral de;General;2010;100
15 Navarra, Comunidad Foral de;General;2009;100
15 Navarra, Comunidad Foral de;General;2008;100
15 Navarra, Comunidad Foral de;Vivienda nueva;2024;34,674
15 Navarra, Comunidad Foral de;Vivienda nueva;2023;31,333
15 Navarra, Comunidad Foral de;Vivienda nueva;2022;30,965
15 Navarra, Comunidad Foral de;Vivienda nueva;2021;31,874
15 Navarra, Comunidad Foral de;Vivienda nueva;2020;32,271
15 Navarra, Comunidad Foral de;Vivienda nueva;2019;33,909
15 Navarra, Comunidad Foral de;Vivienda nueva;2018;26,727
15 Navarra, Comunidad Foral de;Vivienda nueva;2017;16,226
15 Navarra, Comunidad Foral de;Vivienda nueva;2016;27,297
15 Navarra, Comunidad Foral de;Vivienda nueva;2015;37,95
15 Navarra, Comunidad Foral de;Vivienda nueva;2014;27,738
15 Navarra, Comunidad Foral de;Vivienda nueva;2013;40,142
15 Navarra, Comunidad Foral de;Vivienda nueva;2012;52,594
15 Navarra, Comunidad Foral de;Vivienda nueva;2011;58,021
15 Navarra, Comunidad Foral de;Vivienda nueva;2010;64,761
15 Navarra, Comunidad Foral de;Vivienda nueva;2009;65,929
15 Navarra, Comunidad Foral de;Vivienda nueva;2008;59,1
15 Navarra, Comunidad Foral de;Vivienda segunda mano;2024;65,326
15 Navarra, Comunidad Foral de;Vivienda segunda mano;2023;68,667
15 Navarra, Comunidad Foral de;Vivienda segunda mano;2022;69,035
15 Navarra, Comunidad Foral de;Vivienda segunda mano;2021;68,126
15 Navarra, Comunidad Foral de;Vivienda segunda mano;2020;67,729
15 Navarra, Comunidad Foral de;Vivienda segunda mano;2019;66,091
15 Navarra, Comunidad Foral de;Vivienda segunda mano;2018;73,273
15 Navarra, Comunidad Foral de;Vivienda segunda mano;2017;83,774
15 Navarra, Comunidad Foral de;Vivienda segunda mano;2016;72,703
15 Navarra, Comunidad Foral de;Vivienda segunda mano;2015;62,05
15 Navarra, Comunidad Foral de;Vivienda segunda mano;2014;72,262
15 Navarra, Comunidad Foral de;Vivienda segunda mano;2013;59,858
15 Navarra, Comunidad Foral de;Vivienda segunda mano;2012;47,406
15 Navarra, Comunidad Foral de;Vivienda segunda mano;2011;41,979
15 Navarra, Comunidad Foral de;Vivienda segunda mano;2010;35,239
15 Navarra, Comunidad Foral de;Vivienda segunda mano;2009;34,071
15 Navarra, Comunidad Foral de;Vivienda segunda mano;2008;40,9
16 País Vasco;General;2024;100
16 País Vasco;General;2023;100
16 País Vasco;General;2022;100
16 País Vasco;General;2021;100
16 País Vasco;General;2020;100
16 País Vasco;General;2019;100
16 País Vasco;General;2018;100
16 País Vasco;General;2017;100
16 País Vasco;General;2016;100
16 País Vasco;General;2015;100
16 País Vasco;General;2014;100
16 País Vasco;General;2013;100
16 País Vasco;General;2012;100
16 País Vasco;General;2011;100
16 País Vasco;General;2010;100
16 País Vasco;General;2009;100
16 País Vasco;General;2008;100
16 País Vasco;Vivienda nueva;2024;18,035
16 País Vasco;Vivienda nueva;2023;17,324
16 País Vasco;Vivienda nueva;2022;20,991
16 País Vasco;Vivienda nueva;2021;22,174
16 País Vasco;Vivienda nueva;2020;18,155
16 País Vasco;Vivienda nueva;2019;15,75
16 País Vasco;Vivienda nueva;2018;18,251
16 País Vasco;Vivienda nueva;2017;19,408
16 País Vasco;Vivienda nueva;2016;20,953
16 País Vasco;Vivienda nueva;2015;24,265
16 País Vasco;Vivienda nueva;2014;28,17
16 País Vasco;Vivienda nueva;2013;40,047
16 País Vasco;Vivienda nueva;2012;38,498
16 País Vasco;Vivienda nueva;2011;42,21
16 País Vasco;Vivienda nueva;2010;47,388
16 País Vasco;Vivienda nueva;2009;44,096
16 País Vasco;Vivienda nueva;2008;37,155
16 País Vasco;Vivienda segunda mano;2024;81,965
16 País Vasco;Vivienda segunda mano;2023;82,676
16 País Vasco;Vivienda segunda mano;2022;79,009
16 País Vasco;Vivienda segunda mano;2021;77,826
16 País Vasco;Vivienda segunda mano;2020;81,845
16 País Vasco;Vivienda segunda mano;2019;84,25
16 País Vasco;Vivienda segunda mano;2018;81,749
16 País Vasco;Vivienda segunda mano;2017;80,592
16 País Vasco;Vivienda segunda mano;2016;79,047
16 País Vasco;Vivienda segunda mano;2015;75,735
16 País Vasco;Vivienda segunda mano;2014;71,83
16 País Vasco;Vivienda segunda mano;2013;59,953
16 País Vasco;Vivienda segunda mano;2012;61,502
16 País Vasco;Vivienda segunda mano;2011;57,79
16 País Vasco;Vivienda segunda mano;2010;52,612
16 País Vasco;Vivienda segunda mano;2009;55,904
16 País Vasco;Vivienda segunda mano;2008;62,845
17 Rioja, La;General;2024;100
17 Rioja, La;General;2023;100
17 Rioja, La;General;2022;100
17 Rioja, La;General;2021;100
17 Rioja, La;General;2020;100
17 Rioja, La;General;2019;100
17 Rioja, La;General;2018;100
17 Rioja, La;General;2017;100
17 Rioja, La;General;2016;100
17 Rioja, La;General;2015;100
17 Rioja, La;General;2014;100
17 Rioja, La;General;2013;100
17 Rioja, La;General;2012;100
17 Rioja, La;General;2011;100
17 Rioja, La;General;2010;100
17 Rioja, La;General;2009;100
17 Rioja, La;General;2008;100
17 Rioja, La;Vivienda nueva;2024;18,355
17 Rioja, La;Vivienda nueva;2023;14,067
17 Rioja, La;Vivienda nueva;2022;10,366
17 Rioja, La;Vivienda nueva;2021;8,463
17 Rioja, La;Vivienda nueva;2020;9,319
17 Rioja, La;Vivienda nueva;2019;8,302
17 Rioja, La;Vivienda nueva;2018;8,555
17 Rioja, La;Vivienda nueva;2017;10,914
17 Rioja, La;Vivienda nueva;2016;16,883
17 Rioja, La;Vivienda nueva;2015;20,417
17 Rioja, La;Vivienda nueva;2014;26,747
17 Rioja, La;Vivienda nueva;2013;44,205
17 Rioja, La;Vivienda nueva;2012;56,793
17 Rioja, La;Vivienda nueva;2011;64,056
17 Rioja, La;Vivienda nueva;2010;70,175
17 Rioja, La;Vivienda nueva;2009;69,245
17 Rioja, La;Vivienda nueva;2008;61,39
17 Rioja, La;Vivienda segunda mano;2024;81,645
17 Rioja, La;Vivienda segunda mano;2023;85,933
17 Rioja, La;Vivienda segunda mano;2022;89,634
17 Rioja, La;Vivienda segunda mano;2021;91,537
17 Rioja, La;Vivienda segunda mano;2020;90,681
17 Rioja, La;Vivienda segunda mano;2019;91,698
17 Rioja, La;Vivienda segunda mano;2018;91,445
17 Rioja, La;Vivienda segunda mano;2017;89,086
17 Rioja, La;Vivienda segunda mano;2016;83,117
17 Rioja, La;Vivienda segunda mano;2015;79,583
17 Rioja, La;Vivienda segunda mano;2014;73,253
17 Rioja, La;Vivienda segunda mano;2013;55,795
17 Rioja, La;Vivienda segunda mano;2012;43,207
17 Rioja, La;Vivienda segunda mano;2011;35,944
17 Rioja, La;Vivienda segunda mano;2010;29,825
17 Rioja, La;Vivienda segunda mano;2009;30,755
17 Rioja, La;Vivienda segunda mano;2008;38,61
18 Ceuta;General;2024;""
18 Ceuta;General;2023;""
18 Ceuta;General;2022;""
18 Ceuta;General;2021;""
18 Ceuta;General;2020;""
18 Ceuta;General;2019;""
18 Ceuta;General;2018;""
18 Ceuta;General;2017;""
18 Ceuta;General;2016;""
18 Ceuta;General;2015;""
18 Ceuta;General;2014;""
18 Ceuta;General;2013;""
18 Ceuta;General;2012;""
18 Ceuta;General;2011;""
18 Ceuta;General;2010;""
18 Ceuta;General;2009;""
18 Ceuta;General;2008;""
18 Ceuta;Vivienda nueva;2024;""
18 Ceuta;Vivienda nueva;2023;""
18 Ceuta;Vivienda nueva;2022;""
18 Ceuta;Vivienda nueva;2021;""
18 Ceuta;Vivienda nueva;2020;""
18 Ceuta;Vivienda nueva;2019;""
18 Ceuta;Vivienda nueva;2018;""
18 Ceuta;Vivienda nueva;2017;""
18 Ceuta;Vivienda nueva;2016;""
18 Ceuta;Vivienda nueva;2015;""
18 Ceuta;Vivienda nueva;2014;""
18 Ceuta;Vivienda nueva;2013;""
18 Ceuta;Vivienda nueva;2012;""
18 Ceuta;Vivienda nueva;2011;""
18 Ceuta;Vivienda nueva;2010;""
18 Ceuta;Vivienda nueva;2009;""
18 Ceuta;Vivienda nueva;2008;""
18 Ceuta;Vivienda segunda mano;2024;""
18 Ceuta;Vivienda segunda mano;2023;""
18 Ceuta;Vivienda segunda mano;2022;""
18 Ceuta;Vivienda segunda mano;2021;""
18 Ceuta;Vivienda segunda mano;2020;""
18 Ceuta;Vivienda segunda mano;2019;""
18 Ceuta;Vivienda segunda mano;2018;""
18 Ceuta;Vivienda segunda mano;2017;""
18 Ceuta;Vivienda segunda mano;2016;""
18 Ceuta;Vivienda segunda mano;2015;""
18 Ceuta;Vivienda segunda mano;2014;""
18 Ceuta;Vivienda segunda mano;2013;""
18 Ceuta;Vivienda segunda mano;2012;""
18 Ceuta;Vivienda segunda mano;2011;""
18 Ceuta;Vivienda segunda mano;2010;""
18 Ceuta;Vivienda segunda mano;2009;""
18 Ceuta;Vivienda segunda mano;2008;""
19 Melilla;General;2024;""
19 Melilla;General;2023;""
19 Melilla;General;2022;""
19 Melilla;General;2021;""
19 Melilla;General;2020;""
19 Melilla;General;2019;""
19 Melilla;General;2018;""
19 Melilla;General;2017;""
19 Melilla;General;2016;""
19 Melilla;General;2015;""
19 Melilla;General;2014;""
19 Melilla;General;2013;""
19 Melilla;General;2012;""
19 Melilla;General;2011;""
19 Melilla;General;2010;""
19 Melilla;General;2009;""
19 Melilla;General;2008;""
19 Melilla;Vivienda nueva;2024;""
19 Melilla;Vivienda nueva;2023;""
19 Melilla;Vivienda nueva;2022;""
19 Melilla;Vivienda nueva;2021;""
19 Melilla;Vivienda nueva;2020;""
19 Melilla;Vivienda nueva;2019;""
19 Melilla;Vivienda nueva;2018;""
19 Melilla;Vivienda nueva;2017;""
19 Melilla;Vivienda nueva;2016;""
19 Melilla;Vivienda nueva;2015;""
19 Melilla;Vivienda nueva;2014;""
19 Melilla;Vivienda nueva;2013;""
19 Melilla;Vivienda nueva;2012;""
19 Melilla;Vivienda nueva;2011;""
19 Melilla;Vivienda nueva;2010;""
19 Melilla;Vivienda nueva;2009;""
19 Melilla;Vivienda nueva;2008;""
19 Melilla;Vivienda segunda mano;2024;""
19 Melilla;Vivienda segunda mano;2023;""
19 Melilla;Vivienda segunda mano;2022;""
19 Melilla;Vivienda segunda mano;2021;""
19 Melilla;Vivienda segunda mano;2020;""
19 Melilla;Vivienda segunda mano;2019;""
19 Melilla;Vivienda segunda mano;2018;""
19 Melilla;Vivienda segunda mano;2017;""
19 Melilla;Vivienda segunda mano;2016;""
19 Melilla;Vivienda segunda mano;2015;""
19 Melilla;Vivienda segunda mano;2014;""
19 Melilla;Vivienda segunda mano;2013;""
19 Melilla;Vivienda segunda mano;2012;""
19 Melilla;Vivienda segunda mano;2011;""
19 Melilla;Vivienda segunda mano;2010;""
19 Melilla;Vivienda segunda mano;2009;""
19 Melilla;Vivienda segunda mano;2008;""
